ALTER TABLE "EDO_DOSSIER_T"
	ADD ( WORKFLOW_ID VARCHAR2(25) NULL,
	      SECONDARY_UNIT VARCHAR2(12) NULL );
COMMIT;

ALTER TABLE "EDO_REVIEW_LAYER_DEF_T"
	ADD ( WORKFLOW_QUALIFIER VARCHAR2(25) NULL );
COMMIT;

ALTER TABLE "EDO_SUPP_REVIEW_LAYER_DEF_T"
	ADD ( WORKFLOW_ID VARCHAR2(25) DEFAULT 'DEFAULT' NULL,
	      WORKFLOW_QUALIFIER VARCHAR2(25) NULL );
COMMIT;

CREATE TABLE "EDO_WORKFLOW_DEF_T"  (
	"WORKFLOW_ID"         	VARCHAR2(25) NOT NULL,
	"WORKFLOW_NAME"       	VARCHAR2(25) NOT NULL,
	"WORKFLOW_DESCRIPTION"	VARCHAR2(512) NULL,
	"WORKFLOW_UPDATED_BY" 	VARCHAR2(25) NOT NULL,
	"WORKFLOW_UPDATED"    	DATE DEFAULT sysdate NOT NULL,
	CONSTRAINT "workflow_pk" PRIMARY KEY("WORKFLOW_ID")
	NOT DEFERRABLE
	 VALIDATE
);
COMMIT;

ALTER TABLE "EDO_GROUP_TRACKING_T"
  ADD ( WORKFLOW_ID VARCHAR2(25) NULL );
COMMIT;

CREATE OR REPLACE FORCE VIEW "EDO"."EDO_CANDIDATEDOSSIER_V" ("FIRST_NAME", "LAST_NAME", "USERNAME", "CANDIDACY_CAMPUS", "CANDIDACY_SCHOOL", "CANDIDACY_YEAR", "CANDIDATE_ID", "CURRENT_RANK", "PRIMARY_DEPARTMENT_ID", "SECONDARY_UNIT", "DOSSIER_ID", "DOSSIER_STATUS", "RANK_SOUGHT", "DUE_DATE", "DOCUMENT_ID", "WORKFLOW_ID")
AS
SELECT c.first_name,
c.last_name,
c.username,
c.candidacy_campus,
c.candidacy_school,
d.candidacy_year,
c.candidate_id,
c.current_rank,
c.primary_department_id,
d.secondary_unit,
d.dossier_id,
d.dossier_status,
d.rank_sought,
d.due_date,
d.document_id,
d.workflow_id
FROM edo_candidate_t c
INNER JOIN edo_dossier_t d
ON c.username = d.candidate_username;

CREATE TRIGGER "EDO_CANDIDATE_TR"
   before insert on "EDO_CANDIDATE_T"
   for each row
begin
   if inserting then
      if :NEW."CANDIDATE_ID" is null then
         select EDO_CANDIDATE_ID_S.nextval into :NEW."CANDIDATE_ID" from dual;
      end if;
   end if;
end;
/
COMMIT;

CREATE SEQUENCE EDO.EDO_REVIEW_LAYER_DEF_ID_S
  INCREMENT BY 1
  START WITH 15
  MAXVALUE 9999999999999999999999999999
  NOMINVALUE
  NOCYCLE
  NOCACHE
  ORDER;
COMMIT;

CREATE TRIGGER "EDO_REVIEW_LAYER_DEF_TR"
before insert on "EDO_REVIEW_LAYER_DEF_T"
for each row
  begin
    if inserting then
      if :NEW."REVIEW_LAYER_DEF_ID" is null then
        select EDO_REVIEW_LAYER_DEF_ID_S.nextval into :NEW."REVIEW_LAYER_DEF_ID" from dual;
      end if;
    end if;
  end;
/
COMMIT;

INSERT INTO EDO.EDO_GROUP_DEF_T(GROUP_ID, WORKFLOW_ID, WORKFLOW_LEVEL, DOSSIER_TYPE, WORKFLOW_TYPE, KIM_TYPE_NAME, KIM_ROLE_NAME)
  VALUES(52, 'DEFAULT', 'LEVEL2', 'TENURE', 'FYI', 'Department', 'EDO_FYI_REVIEWER_TENURE_LEVEL2');
COMMIT;
INSERT INTO EDO.EDO_GROUP_DEF_T(GROUP_ID, WORKFLOW_ID, WORKFLOW_LEVEL, DOSSIER_TYPE, WORKFLOW_TYPE, KIM_TYPE_NAME, KIM_ROLE_NAME)
  VALUES(53, 'DEFAULT', 'LEVEL2', 'PROMOTION', 'FYI', 'Department', 'EDO_FYI_REVIEWER_PROMOTION_LEVEL2');
COMMIT;
INSERT INTO EDO.EDO_GROUP_DEF_T(GROUP_ID, WORKFLOW_ID, WORKFLOW_LEVEL, DOSSIER_TYPE, WORKFLOW_TYPE, KIM_TYPE_NAME, KIM_ROLE_NAME)
  VALUES(54, 'DEFAULT', 'LEVEL4', 'TENURE', 'FYI', 'School', 'EDO_FYI_REVIEWER_TENURE_LEVEL4');
COMMIT;
INSERT INTO EDO.EDO_GROUP_DEF_T(GROUP_ID, WORKFLOW_ID, WORKFLOW_LEVEL, DOSSIER_TYPE, WORKFLOW_TYPE, KIM_TYPE_NAME, KIM_ROLE_NAME)
  VALUES(55, 'DEFAULT', 'LEVEL4', 'PROMOTION', 'FYI', 'School', 'EDO_FYI_REVIEWER_PROMOTION_LEVEL4');
COMMIT;

INSERT INTO EDO.EDO_WORKFLOW_DEF_T(WORKFLOW_ID, WORKFLOW_NAME, WORKFLOW_DESCRIPTION, WORKFLOW_UPDATED_BY, WORKFLOW_UPDATED)
VALUES('DEFAULT', 'Default workflow', NULL, 'bradleyt', TO_DATE('2014-04-23 11:10:19','YYYY-MM-DD HH24:MI:SS'));
COMMIT;
INSERT INTO EDO.EDO_WORKFLOW_DEF_T(WORKFLOW_ID, WORKFLOW_NAME, WORKFLOW_DESCRIPTION, WORKFLOW_UPDATED_BY, WORKFLOW_UPDATED)
VALUES('LAW', 'School of Law workflow', NULL, 'bradleyt', TO_DATE('2014-04-23 11:10:19','YYYY-MM-DD HH24:MI:SS'));
COMMIT;
INSERT INTO EDO.EDO_WORKFLOW_DEF_T(WORKFLOW_ID, WORKFLOW_NAME, WORKFLOW_DESCRIPTION, WORKFLOW_UPDATED_BY, WORKFLOW_UPDATED)
VALUES('SPEA', 'SPEA', NULL, 'bradleyt', TO_DATE('2014-06-23 00:00:00','YYYY-MM-DD HH24:MI:SS'));
COMMIT;
INSERT INTO EDO.EDO_WORKFLOW_DEF_T(WORKFLOW_ID, WORKFLOW_NAME, WORKFLOW_DESCRIPTION, WORKFLOW_UPDATED_BY, WORKFLOW_UPDATED)
VALUES('SCOTJONE', 'Scott Jones', 'Special workflow for Scott Jones at Kokomo', 'bradleyt', TO_DATE('2014-06-24 00:00:00','YYYY-MM-DD HH24:MI:SS'));
COMMIT;
INSERT INTO EDO.EDO_WORKFLOW_DEF_T(WORKFLOW_ID, WORKFLOW_NAME, WORKFLOW_DESCRIPTION, WORKFLOW_UPDATED_BY, WORKFLOW_UPDATED)
VALUES('KO', 'IU Kokomo default', NULL, 'bradleyt', TO_DATE('2014-06-25 00:00:00','YYYY-MM-DD HH24:MI:SS'));
COMMIT;
INSERT INTO EDO.EDO_WORKFLOW_DEF_T(WORKFLOW_ID, WORKFLOW_NAME, WORKFLOW_DESCRIPTION, WORKFLOW_UPDATED_BY, WORKFLOW_UPDATED)
VALUES('JOUR', 'School of Journalism', NULL, 'bradleyt', TO_DATE('2014-06-25 00:00:00','YYYY-MM-DD HH24:MI:SS'));
COMMIT;
INSERT INTO EDO.EDO_WORKFLOW_DEF_T(WORKFLOW_ID, WORKFLOW_NAME, WORKFLOW_DESCRIPTION, WORKFLOW_UPDATED_BY, WORKFLOW_UPDATED)
VALUES('OPT', 'School of Optometry', NULL, 'bradleyt', TO_DATE('2014-04-29 00:00:00','YYYY-MM-DD HH24:MI:SS'));
COMMIT;

delete from edo.EDO_REVIEW_LAYER_DEF_T where NODE_NAME = 'LevelX';
delete from edo.EDO_REVIEW_LAYER_DEF_T where NODE_NAME = 'CandidateFYI';
commit;

update edo.EDO_REVIEW_LAYER_DEF_T set WORKFLOW_QUALIFIER = 'departmentId' where node_name = 'Level1';
update edo.EDO_REVIEW_LAYER_DEF_T set WORKFLOW_QUALIFIER = 'departmentId' where node_name = 'Level2';
update edo.EDO_REVIEW_LAYER_DEF_T set WORKFLOW_QUALIFIER = 'schoolId' where node_name = 'Level3';
update edo.EDO_REVIEW_LAYER_DEF_T set WORKFLOW_QUALIFIER = 'schoolId' where node_name = 'Level4';
update edo.EDO_REVIEW_LAYER_DEF_T set WORKFLOW_QUALIFIER = 'campusId' where node_name = 'Level5';
update edo.EDO_REVIEW_LAYER_DEF_T set WORKFLOW_QUALIFIER = 'campusId' where node_name = 'Level6';
update edo.EDO_REVIEW_LAYER_DEF_T set WORKFLOW_QUALIFIER = 'campusIs' where node_name = 'Level7';
update edo.EDO_REVIEW_LAYER_DEF_T set WORKFLOW_QUALIFIER = 'institutionId' where node_name = 'Level8';
update edo.EDO_REVIEW_LAYER_DEF_T set DESCRIPTION = 'ChecklistSignOff submission' where NODE_NAME = 'Initiated';
commit;

SET DEFINE OFF
INSERT INTO EDO.EDO_REVIEW_LAYER_DEF_T(NODE_NAME, VOTE_TYPE, DESCRIPTION, REVIEW_LETTER, CREATE_DATE, CREATED_BY, LAST_UPDATED_DATE, UPDATED_BY, OBJ_ID, VER_NBR, ROUTE_LEVEL, REVIEW_LEVEL, WORKFLOW_ID, WORKFLOW_QUALIFIER)
VALUES('Level1', 'None', 'Not used', 'N', TO_DATE('2013-08-15 05:00:01','YYYY-MM-DD HH24:MI:SS'), 'edoprdb', TO_DATE('2013-08-15 05:00:01','YYYY-MM-DD HH24:MI:SS'), 'edoprdb', NULL, 1, 1, 1, 'OPT', 'departmentId');
INSERT INTO EDO.EDO_REVIEW_LAYER_DEF_T(NODE_NAME, VOTE_TYPE, DESCRIPTION, REVIEW_LETTER, CREATE_DATE, CREATED_BY, LAST_UPDATED_DATE, UPDATED_BY, OBJ_ID, VER_NBR, ROUTE_LEVEL, REVIEW_LEVEL, WORKFLOW_ID, WORKFLOW_QUALIFIER)
VALUES('Level2', 'None', 'Not used', 'N', TO_DATE('2013-08-15 05:00:01','YYYY-MM-DD HH24:MI:SS'), 'edoprdb', TO_DATE('2013-08-15 05:00:01','YYYY-MM-DD HH24:MI:SS'), 'edoprdb', NULL, 3, 2, 2, 'OPT', 'departmentId');
INSERT INTO EDO.EDO_REVIEW_LAYER_DEF_T(NODE_NAME, VOTE_TYPE, DESCRIPTION, REVIEW_LETTER, CREATE_DATE, CREATED_BY, LAST_UPDATED_DATE, UPDATED_BY, OBJ_ID, VER_NBR, ROUTE_LEVEL, REVIEW_LEVEL, WORKFLOW_ID, WORKFLOW_QUALIFIER)
VALUES('Level1', 'None', 'Not used', 'N', TO_DATE('2013-08-15 05:00:01','YYYY-MM-DD HH24:MI:SS'), 'edoprdb', TO_DATE('2013-08-15 05:00:01','YYYY-MM-DD HH24:MI:SS'), 'edoprdb', NULL, 1, 1, 1, 'KO', 'departmentId');
INSERT INTO EDO.EDO_REVIEW_LAYER_DEF_T(NODE_NAME, VOTE_TYPE, DESCRIPTION, REVIEW_LETTER, CREATE_DATE, CREATED_BY, LAST_UPDATED_DATE, UPDATED_BY, OBJ_ID, VER_NBR, ROUTE_LEVEL, REVIEW_LEVEL, WORKFLOW_ID, WORKFLOW_QUALIFIER)
VALUES('Level2', 'None', 'Not used', 'N', TO_DATE('2013-08-15 05:00:01','YYYY-MM-DD HH24:MI:SS'), 'edoprdb', TO_DATE('2013-08-15 05:00:01','YYYY-MM-DD HH24:MI:SS'), 'edoprdb', NULL, 3, 2, 2, 'KO', 'departmentId');
INSERT INTO EDO.EDO_REVIEW_LAYER_DEF_T(NODE_NAME, VOTE_TYPE, DESCRIPTION, REVIEW_LETTER, CREATE_DATE, CREATED_BY, LAST_UPDATED_DATE, UPDATED_BY, OBJ_ID, VER_NBR, ROUTE_LEVEL, REVIEW_LEVEL, WORKFLOW_ID, WORKFLOW_QUALIFIER)
VALUES('Level1', 'None', 'Not used', 'N', TO_DATE('2013-08-15 05:00:01','YYYY-MM-DD HH24:MI:SS'), 'edoprdb', TO_DATE('2013-08-15 05:00:01','YYYY-MM-DD HH24:MI:SS'), 'edoprdb', NULL, 1, 1, 1, 'LAW', 'departmentId');
INSERT INTO EDO.EDO_REVIEW_LAYER_DEF_T(NODE_NAME, VOTE_TYPE, DESCRIPTION, REVIEW_LETTER, CREATE_DATE, CREATED_BY, LAST_UPDATED_DATE, UPDATED_BY, OBJ_ID, VER_NBR, ROUTE_LEVEL, REVIEW_LEVEL, WORKFLOW_ID, WORKFLOW_QUALIFIER)
VALUES('Level2', 'None', 'Not used', 'N', TO_DATE('2013-08-15 05:00:01','YYYY-MM-DD HH24:MI:SS'), 'edoprdb', TO_DATE('2013-08-15 05:00:01','YYYY-MM-DD HH24:MI:SS'), 'edoprdb', NULL, 3, 2, 2, 'LAW', 'departmentId');
INSERT INTO EDO.EDO_REVIEW_LAYER_DEF_T(NODE_NAME, VOTE_TYPE, DESCRIPTION, REVIEW_LETTER, CREATE_DATE, CREATED_BY, LAST_UPDATED_DATE, UPDATED_BY, OBJ_ID, VER_NBR, ROUTE_LEVEL, REVIEW_LEVEL, WORKFLOW_ID, WORKFLOW_QUALIFIER)
VALUES('Level3', 'Multiple', 'School Committee', 'Y', TO_DATE('2013-08-15 05:00:01','YYYY-MM-DD HH24:MI:SS'), 'edoprdb', TO_DATE('2013-08-15 05:00:01','YYYY-MM-DD HH24:MI:SS'), 'edoprdb', NULL, 3, 3, 3, 'KO', 'schoolId');
INSERT INTO EDO.EDO_REVIEW_LAYER_DEF_T(NODE_NAME, VOTE_TYPE, DESCRIPTION, REVIEW_LETTER, CREATE_DATE, CREATED_BY, LAST_UPDATED_DATE, UPDATED_BY, OBJ_ID, VER_NBR, ROUTE_LEVEL, REVIEW_LEVEL, WORKFLOW_ID, WORKFLOW_QUALIFIER)
VALUES('Level3', 'Multiple', 'School Committee', 'Y', TO_DATE('2014-04-28 00:00:00','YYYY-MM-DD HH24:MI:SS'), 'bradleyt', TO_DATE('2014-04-28 00:00:00','YYYY-MM-DD HH24:MI:SS'), 'bradleyt', NULL, NULL, 3, 3, 'OPT', 'schoolId');
INSERT INTO EDO.EDO_REVIEW_LAYER_DEF_T(NODE_NAME, VOTE_TYPE, DESCRIPTION, REVIEW_LETTER, CREATE_DATE, CREATED_BY, LAST_UPDATED_DATE, UPDATED_BY, OBJ_ID, VER_NBR, ROUTE_LEVEL, REVIEW_LEVEL, WORKFLOW_ID, WORKFLOW_QUALIFIER)
VALUES('Level4', 'Single', 'Dean', 'Y', TO_DATE('2014-04-28 00:00:00','YYYY-MM-DD HH24:MI:SS'), 'bradleyt', TO_DATE('2014-04-28 00:00:00','YYYY-MM-DD HH24:MI:SS'), 'bradleyt', NULL, NULL, 4, 4, 'OPT', 'schoolId');
INSERT INTO EDO.EDO_REVIEW_LAYER_DEF_T(NODE_NAME, VOTE_TYPE, DESCRIPTION, REVIEW_LETTER, CREATE_DATE, CREATED_BY, LAST_UPDATED_DATE, UPDATED_BY, OBJ_ID, VER_NBR, ROUTE_LEVEL, REVIEW_LEVEL, WORKFLOW_ID, WORKFLOW_QUALIFIER)
VALUES('Level5', 'Multiple', 'Campus Committee', 'Y', TO_DATE('2014-04-28 00:00:00','YYYY-MM-DD HH24:MI:SS'), 'bradleyt', TO_DATE('2014-04-28 00:00:00','YYYY-MM-DD HH24:MI:SS'), 'bradleyt', NULL, NULL, 5, 5, 'OPT', 'campusId');
INSERT INTO EDO.EDO_REVIEW_LAYER_DEF_T(NODE_NAME, VOTE_TYPE, DESCRIPTION, REVIEW_LETTER, CREATE_DATE, CREATED_BY, LAST_UPDATED_DATE, UPDATED_BY, OBJ_ID, VER_NBR, ROUTE_LEVEL, REVIEW_LEVEL, WORKFLOW_ID, WORKFLOW_QUALIFIER)
VALUES('Level6', 'Single', 'Vice Provost/Vice Chancellor', 'Y', TO_DATE('2014-04-28 00:00:00','YYYY-MM-DD HH24:MI:SS'), 'bradleyt', TO_DATE('2014-04-28 00:00:00','YYYY-MM-DD HH24:MI:SS'), 'bradleyt', NULL, NULL, 6, 6, 'OPT', 'campusId');
INSERT INTO EDO.EDO_REVIEW_LAYER_DEF_T(NODE_NAME, VOTE_TYPE, DESCRIPTION, REVIEW_LETTER, CREATE_DATE, CREATED_BY, LAST_UPDATED_DATE, UPDATED_BY, OBJ_ID, VER_NBR, ROUTE_LEVEL, REVIEW_LEVEL, WORKFLOW_ID, WORKFLOW_QUALIFIER)
VALUES('Level7', 'Single', 'Provost/Chancellor', 'N', TO_DATE('2014-04-28 00:00:00','YYYY-MM-DD HH24:MI:SS'), 'bradleyt', TO_DATE('2014-04-28 00:00:00','YYYY-MM-DD HH24:MI:SS'), 'bradleyt', NULL, NULL, 7, 7, 'OPT', 'campusId');
INSERT INTO EDO.EDO_REVIEW_LAYER_DEF_T(NODE_NAME, VOTE_TYPE, DESCRIPTION, REVIEW_LETTER, CREATE_DATE, CREATED_BY, LAST_UPDATED_DATE, UPDATED_BY, OBJ_ID, VER_NBR, ROUTE_LEVEL, REVIEW_LEVEL, WORKFLOW_ID, WORKFLOW_QUALIFIER)
VALUES('Level8', 'Single', 'President', 'N', TO_DATE('2014-04-28 00:00:00','YYYY-MM-DD HH24:MI:SS'), 'bradleyt', TO_DATE('2014-04-28 00:00:00','YYYY-MM-DD HH24:MI:SS'), 'bradleyt', NULL, NULL, 8, 8, 'OPT', 'institutionId');
INSERT INTO EDO.EDO_REVIEW_LAYER_DEF_T(NODE_NAME, VOTE_TYPE, DESCRIPTION, REVIEW_LETTER, CREATE_DATE, CREATED_BY, LAST_UPDATED_DATE, UPDATED_BY, OBJ_ID, VER_NBR, ROUTE_LEVEL, REVIEW_LEVEL, WORKFLOW_ID, WORKFLOW_QUALIFIER)
VALUES('Level4', 'Single', 'Dean', 'Y', TO_DATE('2013-08-15 05:00:01','YYYY-MM-DD HH24:MI:SS'), 'edoprdb', TO_DATE('2013-08-15 05:00:01','YYYY-MM-DD HH24:MI:SS'), 'edoprdb', NULL, 1, 4, 4, 'KO', 'schoolId');
INSERT INTO EDO.EDO_REVIEW_LAYER_DEF_T(NODE_NAME, VOTE_TYPE, DESCRIPTION, REVIEW_LETTER, CREATE_DATE, CREATED_BY, LAST_UPDATED_DATE, UPDATED_BY, OBJ_ID, VER_NBR, ROUTE_LEVEL, REVIEW_LEVEL, WORKFLOW_ID, WORKFLOW_QUALIFIER)
VALUES('Level5', 'Multiple', 'Campus Committee', 'Y', TO_DATE('2013-08-15 05:00:01','YYYY-MM-DD HH24:MI:SS'), 'edoprdb', TO_DATE('2013-08-15 05:00:01','YYYY-MM-DD HH24:MI:SS'), 'edoprdb', NULL, 1, 5, 5, 'KO', 'campusId');
INSERT INTO EDO.EDO_REVIEW_LAYER_DEF_T(NODE_NAME, VOTE_TYPE, DESCRIPTION, REVIEW_LETTER, CREATE_DATE, CREATED_BY, LAST_UPDATED_DATE, UPDATED_BY, OBJ_ID, VER_NBR, ROUTE_LEVEL, REVIEW_LEVEL, WORKFLOW_ID, WORKFLOW_QUALIFIER)
VALUES('Level6', 'Single', 'VCAA/Vice Provost', 'Y', TO_DATE('2013-08-15 05:00:01','YYYY-MM-DD HH24:MI:SS'), 'edoprdb', TO_DATE('2013-08-15 05:00:01','YYYY-MM-DD HH24:MI:SS'), 'edoprdb', NULL, 1, 6, 6, 'KO', 'campusId');
INSERT INTO EDO.EDO_REVIEW_LAYER_DEF_T(NODE_NAME, VOTE_TYPE, DESCRIPTION, REVIEW_LETTER, CREATE_DATE, CREATED_BY, LAST_UPDATED_DATE, UPDATED_BY, OBJ_ID, VER_NBR, ROUTE_LEVEL, REVIEW_LEVEL, WORKFLOW_ID, WORKFLOW_QUALIFIER)
VALUES('Level7', 'Single', 'Chancellor/Provost', 'N', TO_DATE('2013-08-15 05:00:01','YYYY-MM-DD HH24:MI:SS'), 'edoprdb', TO_DATE('2013-08-15 05:00:01','YYYY-MM-DD HH24:MI:SS'), 'edoprdb', NULL, 4, 7, 7, 'KO', 'campusId');
INSERT INTO EDO.EDO_REVIEW_LAYER_DEF_T(NODE_NAME, VOTE_TYPE, DESCRIPTION, REVIEW_LETTER, CREATE_DATE, CREATED_BY, LAST_UPDATED_DATE, UPDATED_BY, OBJ_ID, VER_NBR, ROUTE_LEVEL, REVIEW_LEVEL, WORKFLOW_ID, WORKFLOW_QUALIFIER)
VALUES('Level8', 'Single', 'President', 'N', TO_DATE('2013-08-15 05:00:01','YYYY-MM-DD HH24:MI:SS'), 'edoprdb', TO_DATE('2013-08-15 05:00:01','YYYY-MM-DD HH24:MI:SS'), 'edoprdb', NULL, 1, 8, 8, 'KO', 'institutionId');
INSERT INTO EDO.EDO_REVIEW_LAYER_DEF_T(NODE_NAME, VOTE_TYPE, DESCRIPTION, REVIEW_LETTER, CREATE_DATE, CREATED_BY, LAST_UPDATED_DATE, UPDATED_BY, OBJ_ID, VER_NBR, ROUTE_LEVEL, REVIEW_LEVEL, WORKFLOW_ID, WORKFLOW_QUALIFIER)
VALUES('Initiated', 'None', 'CheckListSignOff submission', 'N', TO_DATE('2013-08-15 05:00:01','YYYY-MM-DD HH24:MI:SS'), 'edoprdb', TO_DATE('2013-08-15 05:00:01','YYYY-MM-DD HH24:MI:SS'), 'edoprdb', NULL, 0, 0, NULL, 'KO', NULL);
INSERT INTO EDO.EDO_REVIEW_LAYER_DEF_T(NODE_NAME, VOTE_TYPE, DESCRIPTION, REVIEW_LETTER, CREATE_DATE, CREATED_BY, LAST_UPDATED_DATE, UPDATED_BY, OBJ_ID, VER_NBR, ROUTE_LEVEL, REVIEW_LEVEL, WORKFLOW_ID, WORKFLOW_QUALIFIER)
VALUES('Level1', 'Multiple', 'School Committee', 'Y', TO_DATE('2013-08-15 05:00:01','YYYY-MM-DD HH24:MI:SS'), 'edoprdb', TO_DATE('2013-08-15 05:00:01','YYYY-MM-DD HH24:MI:SS'), 'edoprdb', NULL, 1, 1, 1, 'JOUR', 'schoolId');
INSERT INTO EDO.EDO_REVIEW_LAYER_DEF_T(NODE_NAME, VOTE_TYPE, DESCRIPTION, REVIEW_LETTER, CREATE_DATE, CREATED_BY, LAST_UPDATED_DATE, UPDATED_BY, OBJ_ID, VER_NBR, ROUTE_LEVEL, REVIEW_LEVEL, WORKFLOW_ID, WORKFLOW_QUALIFIER)
VALUES('Level2', 'Single', 'Dean', 'Y', TO_DATE('2013-08-15 05:00:01','YYYY-MM-DD HH24:MI:SS'), 'edoprdb', TO_DATE('2013-08-15 05:00:01','YYYY-MM-DD HH24:MI:SS'), 'edoprdb', NULL, 3, 2, 2, 'JOUR', 'schoolId');
INSERT INTO EDO.EDO_REVIEW_LAYER_DEF_T(NODE_NAME, VOTE_TYPE, DESCRIPTION, REVIEW_LETTER, CREATE_DATE, CREATED_BY, LAST_UPDATED_DATE, UPDATED_BY, OBJ_ID, VER_NBR, ROUTE_LEVEL, REVIEW_LEVEL, WORKFLOW_ID, WORKFLOW_QUALIFIER)
VALUES('Level3', 'Multiple', 'School Committee', 'Y', TO_DATE('2013-08-15 05:00:01','YYYY-MM-DD HH24:MI:SS'), 'edoprdb', TO_DATE('2013-08-15 05:00:01','YYYY-MM-DD HH24:MI:SS'), 'edoprdb', NULL, 3, 3, 3, 'JOUR', 'schoolId');
INSERT INTO EDO.EDO_REVIEW_LAYER_DEF_T(NODE_NAME, VOTE_TYPE, DESCRIPTION, REVIEW_LETTER, CREATE_DATE, CREATED_BY, LAST_UPDATED_DATE, UPDATED_BY, OBJ_ID, VER_NBR, ROUTE_LEVEL, REVIEW_LEVEL, WORKFLOW_ID, WORKFLOW_QUALIFIER)
VALUES('Level4', 'Single', 'Dean', 'Y', TO_DATE('2013-08-15 05:00:01','YYYY-MM-DD HH24:MI:SS'), 'edoprdb', TO_DATE('2013-08-15 05:00:01','YYYY-MM-DD HH24:MI:SS'), 'edoprdb', NULL, 1, 4, 4, 'JOUR', 'schoolId');
INSERT INTO EDO.EDO_REVIEW_LAYER_DEF_T(NODE_NAME, VOTE_TYPE, DESCRIPTION, REVIEW_LETTER, CREATE_DATE, CREATED_BY, LAST_UPDATED_DATE, UPDATED_BY, OBJ_ID, VER_NBR, ROUTE_LEVEL, REVIEW_LEVEL, WORKFLOW_ID, WORKFLOW_QUALIFIER)
VALUES('Level5', 'Multiple', 'Campus Committee', 'Y', TO_DATE('2013-08-15 05:00:01','YYYY-MM-DD HH24:MI:SS'), 'edoprdb', TO_DATE('2013-08-15 05:00:01','YYYY-MM-DD HH24:MI:SS'), 'edoprdb', NULL, 1, 5, 5, 'JOUR', 'campusId');
INSERT INTO EDO.EDO_REVIEW_LAYER_DEF_T(NODE_NAME, VOTE_TYPE, DESCRIPTION, REVIEW_LETTER, CREATE_DATE, CREATED_BY, LAST_UPDATED_DATE, UPDATED_BY, OBJ_ID, VER_NBR, ROUTE_LEVEL, REVIEW_LEVEL, WORKFLOW_ID, WORKFLOW_QUALIFIER)
VALUES('Level6', 'Single', 'VCAA/Vice Provost', 'Y', TO_DATE('2013-08-15 05:00:01','YYYY-MM-DD HH24:MI:SS'), 'edoprdb', TO_DATE('2013-08-15 05:00:01','YYYY-MM-DD HH24:MI:SS'), 'edoprdb', NULL, 1, 6, 6, 'JOUR', 'campusId');
INSERT INTO EDO.EDO_REVIEW_LAYER_DEF_T(NODE_NAME, VOTE_TYPE, DESCRIPTION, REVIEW_LETTER, CREATE_DATE, CREATED_BY, LAST_UPDATED_DATE, UPDATED_BY, OBJ_ID, VER_NBR, ROUTE_LEVEL, REVIEW_LEVEL, WORKFLOW_ID, WORKFLOW_QUALIFIER)
VALUES('Level7', 'Single', 'Chancellor/Provost', 'N', TO_DATE('2013-08-15 05:00:01','YYYY-MM-DD HH24:MI:SS'), 'edoprdb', TO_DATE('2013-08-15 05:00:01','YYYY-MM-DD HH24:MI:SS'), 'edoprdb', NULL, 4, 7, 7, 'JOUR', 'campusId');
INSERT INTO EDO.EDO_REVIEW_LAYER_DEF_T(NODE_NAME, VOTE_TYPE, DESCRIPTION, REVIEW_LETTER, CREATE_DATE, CREATED_BY, LAST_UPDATED_DATE, UPDATED_BY, OBJ_ID, VER_NBR, ROUTE_LEVEL, REVIEW_LEVEL, WORKFLOW_ID, WORKFLOW_QUALIFIER)
VALUES('Level8', 'Single', 'President', 'N', TO_DATE('2013-08-15 05:00:01','YYYY-MM-DD HH24:MI:SS'), 'edoprdb', TO_DATE('2013-08-15 05:00:01','YYYY-MM-DD HH24:MI:SS'), 'edoprdb', NULL, 1, 8, 8, 'JOUR', 'institutionId');
INSERT INTO EDO.EDO_REVIEW_LAYER_DEF_T(NODE_NAME, VOTE_TYPE, DESCRIPTION, REVIEW_LETTER, CREATE_DATE, CREATED_BY, LAST_UPDATED_DATE, UPDATED_BY, OBJ_ID, VER_NBR, ROUTE_LEVEL, REVIEW_LEVEL, WORKFLOW_ID, WORKFLOW_QUALIFIER)
VALUES('Initiated', 'None', 'CheckListSignOff submission', 'N', TO_DATE('2013-08-15 05:00:01','YYYY-MM-DD HH24:MI:SS'), 'edoprdb', TO_DATE('2013-08-15 05:00:01','YYYY-MM-DD HH24:MI:SS'), 'edoprdb', NULL, 0, 0, NULL, 'JOUR', NULL);
INSERT INTO EDO.EDO_REVIEW_LAYER_DEF_T(NODE_NAME, VOTE_TYPE, DESCRIPTION, REVIEW_LETTER, CREATE_DATE, CREATED_BY, LAST_UPDATED_DATE, UPDATED_BY, OBJ_ID, VER_NBR, ROUTE_LEVEL, REVIEW_LEVEL, WORKFLOW_ID, WORKFLOW_QUALIFIER)
VALUES('Level3', 'Single', 'Michael Tulley', 'Y', TO_DATE('2014-06-24 10:00:01','YYYY-MM-DD HH24:MI:SS'), 'bradleyt', TO_DATE('2014-06-24 10:00:01','YYYY-MM-DD HH24:MI:SS'), 'bradleyt', NULL, NULL, 1, 1, 'SCOTJONE', 'dossierId');
INSERT INTO EDO.EDO_REVIEW_LAYER_DEF_T(NODE_NAME, VOTE_TYPE, DESCRIPTION, REVIEW_LETTER, CREATE_DATE, CREATED_BY, LAST_UPDATED_DATE, UPDATED_BY, OBJ_ID, VER_NBR, ROUTE_LEVEL, REVIEW_LEVEL, WORKFLOW_ID, WORKFLOW_QUALIFIER)
VALUES('Initiated', 'None', 'Candidate submission', 'N', TO_DATE('2014-04-21 00:00:00','YYYY-MM-DD HH24:MI:SS'), 'bradleyt', TO_DATE('2014-04-21 00:00:00','YYYY-MM-DD HH24:MI:SS'), 'bradleyt', NULL, NULL, 0, NULL, 'LAW', NULL);
INSERT INTO EDO.EDO_REVIEW_LAYER_DEF_T(NODE_NAME, VOTE_TYPE, DESCRIPTION, REVIEW_LETTER, CREATE_DATE, CREATED_BY, LAST_UPDATED_DATE, UPDATED_BY, OBJ_ID, VER_NBR, ROUTE_LEVEL, REVIEW_LEVEL, WORKFLOW_ID, WORKFLOW_QUALIFIER)
VALUES('Level1', 'Multiple', 'School Committee', 'Y', TO_DATE('2014-06-24 10:00:01','YYYY-MM-DD HH24:MI:SS'), 'bradleyt', TO_DATE('2014-06-24 10:00:01','YYYY-MM-DD HH24:MI:SS'), 'bradleyt', NULL, NULL, 1, 1, 'SCOTJONE', 'schoolId');
INSERT INTO EDO.EDO_REVIEW_LAYER_DEF_T(NODE_NAME, VOTE_TYPE, DESCRIPTION, REVIEW_LETTER, CREATE_DATE, CREATED_BY, LAST_UPDATED_DATE, UPDATED_BY, OBJ_ID, VER_NBR, ROUTE_LEVEL, REVIEW_LEVEL, WORKFLOW_ID, WORKFLOW_QUALIFIER)
VALUES('Level5', 'Multiple', 'Campus Committee', 'Y', TO_DATE('2014-06-24 10:00:01','YYYY-MM-DD HH24:MI:SS'), 'bradleyt', TO_DATE('2014-06-24 10:00:01','YYYY-MM-DD HH24:MI:SS'), 'bradleyt', NULL, NULL, 1, 1, 'SCOTJONE', 'campusId');
INSERT INTO EDO.EDO_REVIEW_LAYER_DEF_T(NODE_NAME, VOTE_TYPE, DESCRIPTION, REVIEW_LETTER, CREATE_DATE, CREATED_BY, LAST_UPDATED_DATE, UPDATED_BY, OBJ_ID, VER_NBR, ROUTE_LEVEL, REVIEW_LEVEL, WORKFLOW_ID, WORKFLOW_QUALIFIER)
VALUES('Level3', 'Multiple', 'School Committee', 'N', TO_DATE('2014-04-21 00:00:00','YYYY-MM-DD HH24:MI:SS'), 'bradleyt', TO_DATE('2014-04-21 00:00:00','YYYY-MM-DD HH24:MI:SS'), 'bradleyt', NULL, NULL, 5, 3, 'LAW', 'schoolId');
INSERT INTO EDO.EDO_REVIEW_LAYER_DEF_T(NODE_NAME, VOTE_TYPE, DESCRIPTION, REVIEW_LETTER, CREATE_DATE, CREATED_BY, LAST_UPDATED_DATE, UPDATED_BY, OBJ_ID, VER_NBR, ROUTE_LEVEL, REVIEW_LEVEL, WORKFLOW_ID, WORKFLOW_QUALIFIER)
VALUES('Level4', 'Single', 'Dean', 'Y', TO_DATE('2014-04-21 00:00:00','YYYY-MM-DD HH24:MI:SS'), 'bradleyt', TO_DATE('2014-04-21 00:00:00','YYYY-MM-DD HH24:MI:SS'), 'bradleyt', NULL, NULL, 6, 4, 'LAW', 'schoolId');
INSERT INTO EDO.EDO_REVIEW_LAYER_DEF_T(NODE_NAME, VOTE_TYPE, DESCRIPTION, REVIEW_LETTER, CREATE_DATE, CREATED_BY, LAST_UPDATED_DATE, UPDATED_BY, OBJ_ID, VER_NBR, ROUTE_LEVEL, REVIEW_LEVEL, WORKFLOW_ID, WORKFLOW_QUALIFIER)
VALUES('Level5', 'Multiple', 'Campus Committee', 'Y', TO_DATE('2014-04-21 00:00:00','YYYY-MM-DD HH24:MI:SS'), 'bradleyt', TO_DATE('2014-04-21 00:00:00','YYYY-MM-DD HH24:MI:SS'), 'bradleyt', NULL, NULL, 7, 5, 'LAW', 'campusId');
INSERT INTO EDO.EDO_REVIEW_LAYER_DEF_T(NODE_NAME, VOTE_TYPE, DESCRIPTION, REVIEW_LETTER, CREATE_DATE, CREATED_BY, LAST_UPDATED_DATE, UPDATED_BY, OBJ_ID, VER_NBR, ROUTE_LEVEL, REVIEW_LEVEL, WORKFLOW_ID, WORKFLOW_QUALIFIER)
VALUES('Level6', 'Single', 'Vice Provost/Vice Chancellor', 'Y', TO_DATE('2014-04-21 00:00:00','YYYY-MM-DD HH24:MI:SS'), 'bradleyt', TO_DATE('2014-04-21 00:00:00','YYYY-MM-DD HH24:MI:SS'), 'bradleyt', NULL, NULL, 8, 6, 'LAW', 'campusId');
INSERT INTO EDO.EDO_REVIEW_LAYER_DEF_T(NODE_NAME, VOTE_TYPE, DESCRIPTION, REVIEW_LETTER, CREATE_DATE, CREATED_BY, LAST_UPDATED_DATE, UPDATED_BY, OBJ_ID, VER_NBR, ROUTE_LEVEL, REVIEW_LEVEL, WORKFLOW_ID, WORKFLOW_QUALIFIER)
VALUES('Level7', 'Single', 'Provost/Chancellor', 'N', TO_DATE('2014-04-21 00:00:00','YYYY-MM-DD HH24:MI:SS'), 'bradleyt', TO_DATE('2014-04-21 00:00:00','YYYY-MM-DD HH24:MI:SS'), 'bradleyt', NULL, NULL, 9, 7, 'LAW', 'campusId');
INSERT INTO EDO.EDO_REVIEW_LAYER_DEF_T(NODE_NAME, VOTE_TYPE, DESCRIPTION, REVIEW_LETTER, CREATE_DATE, CREATED_BY, LAST_UPDATED_DATE, UPDATED_BY, OBJ_ID, VER_NBR, ROUTE_LEVEL, REVIEW_LEVEL, WORKFLOW_ID, WORKFLOW_QUALIFIER)
VALUES('Level8', 'Single', 'President', 'N', TO_DATE('2014-04-21 00:00:00','YYYY-MM-DD HH24:MI:SS'), 'bradleyt', TO_DATE('2014-04-21 00:00:00','YYYY-MM-DD HH24:MI:SS'), 'bradleyt', NULL, NULL, 10, 8, 'LAW', 'institutionId');
INSERT INTO EDO.EDO_REVIEW_LAYER_DEF_T(NODE_NAME, VOTE_TYPE, DESCRIPTION, REVIEW_LETTER, CREATE_DATE, CREATED_BY, LAST_UPDATED_DATE, UPDATED_BY, OBJ_ID, VER_NBR, ROUTE_LEVEL, REVIEW_LEVEL, WORKFLOW_ID, WORKFLOW_QUALIFIER)
VALUES('Level6', 'Single', 'VCAA/Vice Provost', 'Y', TO_DATE('2014-06-24 10:00:01','YYYY-MM-DD HH24:MI:SS'), 'bradleyt', TO_DATE('2014-06-24 10:00:01','YYYY-MM-DD HH24:MI:SS'), 'bradleyt', NULL, NULL, 1, 1, 'SCOTJONE', 'campusId');
INSERT INTO EDO.EDO_REVIEW_LAYER_DEF_T(NODE_NAME, VOTE_TYPE, DESCRIPTION, REVIEW_LETTER, CREATE_DATE, CREATED_BY, LAST_UPDATED_DATE, UPDATED_BY, OBJ_ID, VER_NBR, ROUTE_LEVEL, REVIEW_LEVEL, WORKFLOW_ID, WORKFLOW_QUALIFIER)
VALUES('Level7', 'Single', 'Chancellor/Provost', 'Y', TO_DATE('2014-06-24 10:00:01','YYYY-MM-DD HH24:MI:SS'), 'bradleyt', TO_DATE('2014-06-24 10:00:01','YYYY-MM-DD HH24:MI:SS'), 'bradleyt', NULL, NULL, 1, 1, 'SCOTJONE', 'campusId');
INSERT INTO EDO.EDO_REVIEW_LAYER_DEF_T(NODE_NAME, VOTE_TYPE, DESCRIPTION, REVIEW_LETTER, CREATE_DATE, CREATED_BY, LAST_UPDATED_DATE, UPDATED_BY, OBJ_ID, VER_NBR, ROUTE_LEVEL, REVIEW_LEVEL, WORKFLOW_ID, WORKFLOW_QUALIFIER)
VALUES('Level8', 'Single', 'President', 'Y', TO_DATE('2014-06-24 10:00:01','YYYY-MM-DD HH24:MI:SS'), 'bradleyt', TO_DATE('2014-06-24 10:00:01','YYYY-MM-DD HH24:MI:SS'), 'bradleyt', NULL, NULL, 1, 1, 'SCOTJONE', 'institutionId');
INSERT INTO EDO.EDO_REVIEW_LAYER_DEF_T(NODE_NAME, VOTE_TYPE, DESCRIPTION, REVIEW_LETTER, CREATE_DATE, CREATED_BY, LAST_UPDATED_DATE, UPDATED_BY, OBJ_ID, VER_NBR, ROUTE_LEVEL, REVIEW_LEVEL, WORKFLOW_ID, WORKFLOW_QUALIFIER)
VALUES('Level1', 'Multiple', 'P&T Committee', 'Y', TO_DATE('2014-05-13 00:00:00','YYYY-MM-DD HH24:MI:SS'), 'bradleyt', TO_DATE('2014-05-13 00:00:00','YYYY-MM-DD HH24:MI:SS'), 'bradleyt', NULL, NULL, 1, 1, 'SPEA', 'departmentId');
INSERT INTO EDO.EDO_REVIEW_LAYER_DEF_T(NODE_NAME, VOTE_TYPE, DESCRIPTION, REVIEW_LETTER, CREATE_DATE, CREATED_BY, LAST_UPDATED_DATE, UPDATED_BY, OBJ_ID, VER_NBR, ROUTE_LEVEL, REVIEW_LEVEL, WORKFLOW_ID, WORKFLOW_QUALIFIER)
VALUES('Level2', 'Multiple', 'Eligible Faculty', 'N', TO_DATE('2014-05-13 00:00:00','YYYY-MM-DD HH24:MI:SS'), 'bradleyt', TO_DATE('2014-05-13 00:00:00','YYYY-MM-DD HH24:MI:SS'), 'bradleyt', NULL, NULL, 2, 2, 'SPEA', 'departmentId');
INSERT INTO EDO.EDO_REVIEW_LAYER_DEF_T(NODE_NAME, VOTE_TYPE, DESCRIPTION, REVIEW_LETTER, CREATE_DATE, CREATED_BY, LAST_UPDATED_DATE, UPDATED_BY, OBJ_ID, VER_NBR, ROUTE_LEVEL, REVIEW_LEVEL, WORKFLOW_ID, WORKFLOW_QUALIFIER)
VALUES('Level3', 'Multiple', 'Core P&T Committee', 'Y', TO_DATE('2014-05-13 00:00:00','YYYY-MM-DD HH24:MI:SS'), 'bradleyt', TO_DATE('2014-05-13 00:00:00','YYYY-MM-DD HH24:MI:SS'), 'bradleyt', NULL, NULL, 3, 3, 'SPEA', 'schoolId');
INSERT INTO EDO.EDO_REVIEW_LAYER_DEF_T(NODE_NAME, VOTE_TYPE, DESCRIPTION, REVIEW_LETTER, CREATE_DATE, CREATED_BY, LAST_UPDATED_DATE, UPDATED_BY, OBJ_ID, VER_NBR, ROUTE_LEVEL, REVIEW_LEVEL, WORKFLOW_ID, WORKFLOW_QUALIFIER)
VALUES('Level4', 'Single', 'Dean', 'Y', TO_DATE('2014-05-13 00:00:00','YYYY-MM-DD HH24:MI:SS'), 'bradleyt', TO_DATE('2014-05-13 00:00:00','YYYY-MM-DD HH24:MI:SS'), 'bradleyt', NULL, NULL, 4, 4, 'SPEA', 'schoolId');
INSERT INTO EDO.EDO_REVIEW_LAYER_DEF_T(NODE_NAME, VOTE_TYPE, DESCRIPTION, REVIEW_LETTER, CREATE_DATE, CREATED_BY, LAST_UPDATED_DATE, UPDATED_BY, OBJ_ID, VER_NBR, ROUTE_LEVEL, REVIEW_LEVEL, WORKFLOW_ID, WORKFLOW_QUALIFIER)
VALUES('Level5', 'Multiple', 'Campus Committee', 'Y', TO_DATE('2014-05-13 00:00:00','YYYY-MM-DD HH24:MI:SS'), 'bradleyt', TO_DATE('2014-05-13 00:00:00','YYYY-MM-DD HH24:MI:SS'), 'bradleyt', NULL, NULL, 5, 5, 'SPEA', 'campusId');
INSERT INTO EDO.EDO_REVIEW_LAYER_DEF_T(NODE_NAME, VOTE_TYPE, DESCRIPTION, REVIEW_LETTER, CREATE_DATE, CREATED_BY, LAST_UPDATED_DATE, UPDATED_BY, OBJ_ID, VER_NBR, ROUTE_LEVEL, REVIEW_LEVEL, WORKFLOW_ID, WORKFLOW_QUALIFIER)
VALUES('Level6', 'Single', 'Vice Provost/Vice Chancellor', 'Y', TO_DATE('2014-05-13 00:00:00','YYYY-MM-DD HH24:MI:SS'), 'bradleyt', TO_DATE('2014-05-13 00:00:00','YYYY-MM-DD HH24:MI:SS'), 'bradleyt', NULL, NULL, 6, 6, 'SPEA', 'campusId');
INSERT INTO EDO.EDO_REVIEW_LAYER_DEF_T(NODE_NAME, VOTE_TYPE, DESCRIPTION, REVIEW_LETTER, CREATE_DATE, CREATED_BY, LAST_UPDATED_DATE, UPDATED_BY, OBJ_ID, VER_NBR, ROUTE_LEVEL, REVIEW_LEVEL, WORKFLOW_ID, WORKFLOW_QUALIFIER)
VALUES('Level7', 'Single', 'Provost/Chancellor', 'N', TO_DATE('2014-05-13 00:00:00','YYYY-MM-DD HH24:MI:SS'), 'bradleyt', TO_DATE('2014-05-13 00:00:00','YYYY-MM-DD HH24:MI:SS'), 'bradleyt', NULL, NULL, 7, 7, 'SPEA', 'campusId');
INSERT INTO EDO.EDO_REVIEW_LAYER_DEF_T(NODE_NAME, VOTE_TYPE, DESCRIPTION, REVIEW_LETTER, CREATE_DATE, CREATED_BY, LAST_UPDATED_DATE, UPDATED_BY, OBJ_ID, VER_NBR, ROUTE_LEVEL, REVIEW_LEVEL, WORKFLOW_ID, WORKFLOW_QUALIFIER)
VALUES('Level8', 'Single', 'President', 'N', TO_DATE('2014-05-13 00:00:00','YYYY-MM-DD HH24:MI:SS'), 'bradleyt', TO_DATE('2014-05-13 00:00:00','YYYY-MM-DD HH24:MI:SS'), 'bradleyt', NULL, NULL, 8, 8, 'SPEA', 'InstitutionId');
INSERT INTO EDO.EDO_REVIEW_LAYER_DEF_T(NODE_NAME, VOTE_TYPE, DESCRIPTION, REVIEW_LETTER, CREATE_DATE, CREATED_BY, LAST_UPDATED_DATE, UPDATED_BY, OBJ_ID, VER_NBR, ROUTE_LEVEL, REVIEW_LEVEL, WORKFLOW_ID, WORKFLOW_QUALIFIER)
VALUES('Initiated', 'None', 'Dossier submission', 'N', TO_DATE('2014-05-13 00:00:00','YYYY-MM-DD HH24:MI:SS'), 'bradleyt', TO_DATE('2014-05-13 00:00:00','YYYY-MM-DD HH24:MI:SS'), 'bradleyt', NULL, NULL, 0, NULL, 'SPEA', NULL);
INSERT INTO EDO.EDO_REVIEW_LAYER_DEF_T(NODE_NAME, VOTE_TYPE, DESCRIPTION, REVIEW_LETTER, CREATE_DATE, CREATED_BY, LAST_UPDATED_DATE, UPDATED_BY, OBJ_ID, VER_NBR, ROUTE_LEVEL, REVIEW_LEVEL, WORKFLOW_ID, WORKFLOW_QUALIFIER)
VALUES('Initiated', 'None', 'Dossier Submission', 'N', TO_DATE('0204-06-26 00:00:00','YYYY-MM-DD HH24:MI:SS'), 'bradleyt', TO_DATE('2014-06-26 00:00:00','YYYY-MM-DD HH24:MI:SS'), 'bradleyt', NULL, NULL, 0, NULL, 'OPT', NULL);
INSERT INTO EDO.EDO_REVIEW_LAYER_DEF_T(NODE_NAME, VOTE_TYPE, DESCRIPTION, REVIEW_LETTER, CREATE_DATE, CREATED_BY, LAST_UPDATED_DATE, UPDATED_BY, OBJ_ID, VER_NBR, ROUTE_LEVEL, REVIEW_LEVEL, WORKFLOW_ID, WORKFLOW_QUALIFIER)
VALUES('Initiated', 'None', 'Dossier Submission', 'N', TO_DATE('2014-06-26 00:00:00','YYYY-MM-DD HH24:MI:SS'), 'bradleyt', TO_DATE('2014-06-26 00:00:00','YYYY-MM-DD HH24:MI:SS'), 'bradleyt', NULL, NULL, 0, NULL, 'SCOTJONE', NULL);
SET DEFINE ON
COMMIT;

INSERT INTO EDO.EDO_CHECKLIST_ITEM_T(CHECKLIST_ITEM_ID, CHECKLIST_SECTION_ID, DESCRIPTION, REQUIRED, CREATE_DATE, CREATED_BY, LAST_UPDATE_DATE, UPDATED_BY, CHECKLIST_ITEM_NAME, CHECKLIST_ITEM_SECTION_ORDINAL)
VALUES(10905, 0, 'Solicited letters from students', 0, TO_DATE('2014-05-22 00:00:00','YYYY-MM-DD HH24:MI:SS'), 1, TO_DATE('2014-05-22 00:00:00','YYYY-MM-DD HH24:MI:SS'), 1, 'Teaching', 6);
INSERT INTO EDO.EDO_CHECKLIST_ITEM_T(CHECKLIST_ITEM_ID, CHECKLIST_SECTION_ID, DESCRIPTION, REQUIRED, CREATE_DATE, CREATED_BY, LAST_UPDATE_DATE, UPDATED_BY, CHECKLIST_ITEM_NAME, CHECKLIST_ITEM_SECTION_ORDINAL)
VALUES(10906, 0, 'Solicited letters from collaborators', 0, TO_DATE('2014-05-22 00:00:00','YYYY-MM-DD HH24:MI:SS'), 1, TO_DATE('2014-05-22 00:00:00','YYYY-MM-DD HH24:MI:SS'), 1, 'Research', 7);
INSERT INTO EDO.EDO_CHECKLIST_ITEM_T(CHECKLIST_ITEM_ID, CHECKLIST_SECTION_ID, DESCRIPTION, REQUIRED, CREATE_DATE, CREATED_BY, LAST_UPDATE_DATE, UPDATED_BY, CHECKLIST_ITEM_NAME, CHECKLIST_ITEM_SECTION_ORDINAL)
VALUES(10907, 0, 'Solicited letters from service entities', 0, TO_DATE('2014-05-22 00:00:00','YYYY-MM-DD HH24:MI:SS'), 1, TO_DATE('2014-05-22 00:00:00','YYYY-MM-DD HH24:MI:SS'), 1, 'Service', 8);
INSERT INTO EDO.EDO_CHECKLIST_ITEM_T(CHECKLIST_ITEM_ID, CHECKLIST_SECTION_ID, DESCRIPTION, REQUIRED, CREATE_DATE, CREATED_BY, LAST_UPDATE_DATE, UPDATED_BY, CHECKLIST_ITEM_NAME, CHECKLIST_ITEM_SECTION_ORDINAL)
VALUES(10908, 0, 'Evaluative letter offered by secondary unit (e.g., candidates with joint appointments)', 0, TO_DATE('2014-05-21 00:00:00','YYYY-MM-DD HH24:MI:SS'), 1, TO_DATE('2014-05-21 00:00:00','YYYY-MM-DD HH24:MI:SS'), 1, 'Second Unit Letters', 4);
COMMIT;

UPDATE EDO.EDO_ITEM_T SET CHECKLIST_ITEM_ID = 10905 WHERE CHECKLIST_ITEM_ID = 10903;
COMMIT;

