CREATE SEQUENCE LOOKUP_RESULT_SEQUENCE_NBR_SEQ INCREMENT BY 1 START WITH 2000
;
CREATE SEQUENCE NTE_ID_SEQ INCREMENT BY 1 START WITH 2000
;
CREATE TABLE FP_DOC_GROUP_T (
        FDOC_GRP_CD                    VARCHAR2(2) CONSTRAINT FP_DOC_GROUP_TN1 NOT NULL,
        OBJ_ID                         VARCHAR2(36) DEFAULT SYS_GUID() CONSTRAINT FP_DOC_GROUP_TN2 NOT NULL,
        VER_NBR                        NUMBER(8) DEFAULT 1 CONSTRAINT FP_DOC_GROUP_TN3 NOT NULL,
        FDOC_GRP_NM                    VARCHAR2(40),
        FDOC_CLASS_CD                  VARCHAR2(2),
     CONSTRAINT FP_DOC_GROUP_TP1 PRIMARY KEY (FDOC_GRP_CD),
     CONSTRAINT FP_DOC_GROUP_TC0 UNIQUE (OBJ_ID)
)
;
CREATE TABLE FP_DOC_HEADER_T (
        FDOC_NBR                       VARCHAR2(14) CONSTRAINT FP_DOC_HEADER_TN1 NOT NULL,
        OBJ_ID                         VARCHAR2(36) DEFAULT SYS_GUID() CONSTRAINT FP_DOC_HEADER_TN2 NOT NULL,
        VER_NBR                        NUMBER(8) DEFAULT 1 CONSTRAINT FP_DOC_HEADER_TN3 NOT NULL,
        FDOC_STATUS_CD                 VARCHAR2(2),
        FDOC_DESC                      VARCHAR2(40),
        FDOC_TOTAL_AMT                 NUMBER(19, 2),
        ORG_DOC_NBR                    VARCHAR2(10),
        FDOC_IN_ERR_NBR                VARCHAR2(14),
        FDOC_TMPL_NBR                  VARCHAR2(14),
        TEMP_DOC_FNL_DT                DATE,
        FDOC_EXPLAIN_TXT               VARCHAR2(400),
     CONSTRAINT FP_DOC_HEADER_TP1 PRIMARY KEY (
        FDOC_NBR) ,
     CONSTRAINT FP_DOC_HEADER_TC0 UNIQUE (OBJ_ID) 
)
;
CREATE TABLE FP_DOC_STATUS_T (
        FDOC_STATUS_CD                 VARCHAR2(2) CONSTRAINT FP_DOC_STATUS_TN1 NOT NULL,
        OBJ_ID                         VARCHAR2(36) DEFAULT SYS_GUID() CONSTRAINT FP_DOC_STATUS_TN2 NOT NULL,
        VER_NBR                        NUMBER(8) DEFAULT 1 CONSTRAINT FP_DOC_STATUS_TN3 NOT NULL,
        FDOC_STATUS_NM                 VARCHAR2(10),
     CONSTRAINT FP_DOC_STATUS_TP1 PRIMARY KEY (
        FDOC_STATUS_CD) ,
     CONSTRAINT FP_DOC_STATUS_TC0 UNIQUE (OBJ_ID) 
)
;
CREATE TABLE FP_DOC_TYPE_T (
        FDOC_TYP_CD                    VARCHAR2(4) CONSTRAINT FP_DOC_TYPE_TN1 NOT NULL,
        OBJ_ID                         VARCHAR2(36) DEFAULT SYS_GUID() CONSTRAINT FP_DOC_TYPE_TN2 NOT NULL,
        VER_NBR                        NUMBER(8) DEFAULT 1 CONSTRAINT FP_DOC_TYPE_TN3 NOT NULL,
        FDOC_GRP_CD                    VARCHAR2(2),
        FDOC_NM                        VARCHAR2(40),
        FIN_ELIM_ELGBL_CD              VARCHAR2(1),
        FDOC_TYP_ACTIVE_CD             VARCHAR2(1),
        FDOC_RTNG_RULE_CD              VARCHAR2(1),
        FDOC_AUTOAPRV_DAYS             NUMBER(7),
        FDOC_BALANCED_CD               VARCHAR2(1),
        TRN_SCRBBR_OFST_GEN_IND        CHAR(1),
     CONSTRAINT FP_DOC_TYPE_TP1 PRIMARY KEY (
        FDOC_TYP_CD) ,
     CONSTRAINT FP_DOC_TYPE_TC0 UNIQUE (OBJ_ID) 
)
;
CREATE TABLE FP_MAINT_LOCK_T (
        LOCK_REPRESENTATION_TXT        VARCHAR2(255) CONSTRAINT FP_MAINT_LOCK_TN1 NOT NULL,
        OBJ_ID                         VARCHAR2(36) DEFAULT SYS_GUID() CONSTRAINT FP_MAINT_LOCK_TN2 NOT NULL,
        VER_NBR                        NUMBER(8) DEFAULT 1 CONSTRAINT FP_MAINT_LOCK_TN3 NOT NULL,
        FDOC_NBR                       VARCHAR2(14) CONSTRAINT FP_MAINT_LOCK_TN4 NOT NULL,
     CONSTRAINT FP_MAINT_LOCK_TP1 PRIMARY KEY (LOCK_REPRESENTATION_TXT),
     CONSTRAINT FP_MAINT_LOCK_TC0 UNIQUE (OBJ_ID)
)
;
CREATE TABLE FP_MAINTENANCE_DOCUMENT_T (
        FDOC_NBR                       VARCHAR2(14) CONSTRAINT FP_MAINTENANCE_DOCUMENT_TN1 NOT NULL,
        OBJ_ID                         VARCHAR2(36) DEFAULT SYS_GUID() CONSTRAINT FP_MAINTENANCE_DOCUMENT_TN2 NOT NULL,
        VER_NBR                        NUMBER(8) DEFAULT 1 CONSTRAINT FP_MAINTENANCE_DOCUMENT_TN3 NOT NULL,
        DOCUMENT_CONTENTS              CLOB,
     CONSTRAINT FP_MAINTENANCE_DOCUMENT_TP1 PRIMARY KEY (FDOC_NBR),
     CONSTRAINT FP_MAINTENANCE_DOCUMENT_TC0 UNIQUE (OBJ_ID)
)
;

CREATE TABLE FS_ADHOC_RTE_ACTN_RECP_T (
	    ACTN_RQST_RECP_TYP_CD          NUMBER(1) CONSTRAINT FS_ADHOC_RTE_ACTN_RECP_TN1 NOT NULL,
	    ACTN_RQST_CD                   VARCHAR2(30) CONSTRAINT FS_ADHOC_RTE_ACTN_RECP_TN2 NOT NULL,
        ACTN_RQST_RECP_ID              VARCHAR2(70) CONSTRAINT FS_ADHOC_RTE_ACTN_RECP_TN3 NOT NULL,
        OBJ_ID                         VARCHAR2(36) DEFAULT SYS_GUID() CONSTRAINT FS_ADHOC_RTE_ACTN_RECP_TN4 NOT NULL,
        VER_NBR                        NUMBER(8) DEFAULT 1 CONSTRAINT FS_ADHOC_RTE_ACTN_RECP_TN5 NOT NULL,
        FDOC_NBR                       VARCHAR2(14) CONSTRAINT FS_ADHOC_RTE_ACTN_RECP_TN6 NOT NULL,
     CONSTRAINT FS_ADHOC_RTE_ACTN_RECP_TP1 PRIMARY KEY (ACTN_RQST_RECP_TYP_CD,ACTN_RQST_CD,ACTN_RQST_RECP_ID),
     CONSTRAINT FS_ADHOC_RTE_ACTN_RECP_TC0 UNIQUE (OBJ_ID)
)
;
CREATE TABLE FS_CODES_DESC_T (
        CODE                           VARCHAR2(50) CONSTRAINT FS_CODES_DESC_TN1 NOT NULL,
        CLASS_NAME                     VARCHAR2(75) CONSTRAINT FS_CODES_DESC_TN2 NOT NULL,
        OBJ_ID                         VARCHAR2(36) DEFAULT SYS_GUID() CONSTRAINT FS_CODES_DESC_TN3 NOT NULL,
        VER_NBR                        NUMBER(8) DEFAULT 1 CONSTRAINT FS_CODES_DESC_TN4 NOT NULL,
        NAME                           VARCHAR2(2000),
        ACTIVE_IND                     VARCHAR2(1) CONSTRAINT FS_CODES_DESC_TN5 NOT NULL,
     CONSTRAINT FS_CODES_DESC_TP1 PRIMARY KEY (
        CODE,
        CLASS_NAME) ,
     CONSTRAINT FS_CODES_DESC_TC0 UNIQUE (OBJ_ID) 
)
; 
CREATE TABLE SH_ATT_T (
        NTE_ID                         NUMBER(14) CONSTRAINT SH_ATT_TN1 NOT NULL,
        OBJ_ID                         VARCHAR2(36) DEFAULT SYS_GUID() CONSTRAINT SH_ATT_TN2 NOT NULL,
        VER_NBR                        NUMBER(8) DEFAULT 1 CONSTRAINT SH_ATT_TN3 NOT NULL,
        ATT_MIME_TYP_CD                VARCHAR2(40),
        ATT_FL_NM                      VARCHAR2(250),
        ATT_ID                         VARCHAR2(36),
        ATT_FL_SZ                      NUMBER(14),
        ATT_TYP_CD                     VARCHAR2(2),
     CONSTRAINT SH_ATT_TP1 PRIMARY KEY (NTE_ID),
     CONSTRAINT SH_ATT_TC0 UNIQUE (OBJ_ID)
)
;
CREATE TABLE SH_LOCK_T (
        TRN_SMPHR_TYP_CD               VARCHAR2(10) CONSTRAINT SH_LOCK_TN1 NOT NULL,
        TRN_SMPHR_ID                   VARCHAR2(10) CONSTRAINT SH_LOCK_TN2 NOT NULL,
        OBJ_ID                         VARCHAR2(36) DEFAULT SYS_GUID() CONSTRAINT SH_LOCK_TN3 NOT NULL,
        VER_NBR                        NUMBER(8) DEFAULT 1 CONSTRAINT SH_LOCK_TN4 NOT NULL,
        PERSON_UNVL_ID                 VARCHAR2(10),
        TRN_LCKTM_TS                   DATE,
     CONSTRAINT SH_LOCK_TP1 PRIMARY KEY (
        TRN_SMPHR_TYP_CD,
        TRN_SMPHR_ID),
     CONSTRAINT SH_LOCK_TC0 UNIQUE (OBJ_ID)
)
;
CREATE TABLE SH_LOCK_TYP_DESC_T (
        TRN_SMPHR_TYP_CD               VARCHAR2(10) CONSTRAINT SH_LOCK_TYP_DESC_TN1 NOT NULL,
        OBJ_ID                         VARCHAR2(36) DEFAULT SYS_GUID() CONSTRAINT SH_LOCK_TYP_DESC_TN2 NOT NULL,
        VER_NBR                        NUMBER(8) DEFAULT 1 CONSTRAINT SH_LOCK_TYP_DESC_TN3 NOT NULL,
        PRSN_UPDTABLTY_NBR             NUMBER(12),
        TRN_SMPHR_DESC                 VARCHAR2(60),
     CONSTRAINT SH_LOCK_TYP_DESC_TP1 PRIMARY KEY (TRN_SMPHR_TYP_CD),
     CONSTRAINT SH_LOCK_TYP_DESC_TC0 UNIQUE (OBJ_ID)
)
;
CREATE TABLE SH_NTE_T (
        NTE_ID                         NUMBER(14) CONSTRAINT SH_NTE_TN1 NOT NULL, 
        OBJ_ID                         VARCHAR2(36) DEFAULT SYS_GUID() CONSTRAINT SH_NTE_TN2 NOT NULL,
        VER_NBR                        NUMBER(8) DEFAULT 1 CONSTRAINT SH_NTE_TN3 NOT NULL,
        RMT_OBJ_ID                     VARCHAR2(36) CONSTRAINT SH_NTE_TN4 NOT NULL,
        NTE_AUTH_ID                    VARCHAR2(10) CONSTRAINT SH_NTE_TN5 NOT NULL,
        NTE_POST_TS                    DATE CONSTRAINT SH_NTE_TN6 NOT NULL,
        NTE_TYP_CD                     VARCHAR2(4) CONSTRAINT SH_NTE_TN7 NOT NULL,
        NTE_TXT                        VARCHAR2(4000),
        NTE_PRG_CD                     VARCHAR2(1),
        NTE_TPC_TXT                    VARCHAR2(40),
     CONSTRAINT SH_NTE_TP1 PRIMARY KEY (NTE_ID),
     CONSTRAINT SH_NTE_TC0 UNIQUE (OBJ_ID),
     CONSTRAINT SH_NTE_TC1 UNIQUE (RMT_OBJ_ID, NTE_AUTH_ID, NTE_POST_TS, NTE_TYP_CD)
)
;
CREATE TABLE SH_NTE_TYP_T (
        NTE_TYP_CD                     VARCHAR2(4) CONSTRAINT SH_NTE_TYP_TN1 NOT NULL,
        OBJ_ID                         VARCHAR2(36) DEFAULT SYS_GUID() CONSTRAINT SH_NTE_TYP_TN2 NOT NULL,
        VER_NBR                        NUMBER(8) DEFAULT 1 CONSTRAINT SH_NTE_TYP_TN3 NOT NULL,
        NTE_TYP_DESC                   VARCHAR2(100),
        NTE_TYP_ACTV_IND               VARCHAR2(1),
     CONSTRAINT SH_NTE_TYP_TP1 PRIMARY KEY (
        NTE_TYP_CD),
     CONSTRAINT SH_NTE_TYP_TC0 UNIQUE (OBJ_ID)
)
;

CREATE TABLE SH_PARM_DTL_TYP_T(
        SH_PARM_NMSPC_CD               VARCHAR2(20),
        SH_PARM_DTL_TYP_CD             VARCHAR2(100),
        OBJ_ID                         VARCHAR2(36) DEFAULT SYS_GUID() CONSTRAINT SH_PARM_ADDL_DTL_TYP_TN1 NOT NULL,
        VER_NBR                        NUMBER(8) DEFAULT 1 CONSTRAINT SH_PARM_ADDL_DTL_TYP_TN2 NOT NULL,
        SH_PARM_DTL_TYP_NM             VARCHAR2(255),
        ACTIVE_IND                     CHAR(1) DEFAULT 'Y' CONSTRAINT SH_PARM_ADDL_DTL_TYP_TN3 NOT NULL,
     CONSTRAINT SH_PARM_DTL_TYP_TP1 PRIMARY KEY (SH_PARM_NMSPC_CD,SH_PARM_DTL_TYP_CD),
     CONSTRAINT SH_PARM_DTL_TYP_TC0 UNIQUE (OBJ_ID)
)
;
CREATE TABLE SH_PARM_NMSPC_T(
        SH_PARM_NMSPC_CD               VARCHAR2(20),
        OBJ_ID                         VARCHAR2(36) DEFAULT SYS_GUID() CONSTRAINT SH_PARM_NMSPC_TN1 NOT NULL,
        VER_NBR                        NUMBER(8) DEFAULT 1 CONSTRAINT SH_PARM_NMSPC_TN2 NOT NULL,
        SH_PARM_NMSPC_NM               VARCHAR2(40),
        ACTIVE_IND                     CHAR(1) DEFAULT 'Y' CONSTRAINT SH_PARM_NMSPC_TN3 NOT NULL,
     CONSTRAINT SH_PARM_NMSPC_TP1 PRIMARY KEY (SH_PARM_NMSPC_CD),
     CONSTRAINT SH_PARM_NMSPC_TC0 UNIQUE (OBJ_ID)
)
;

CREATE TABLE SH_PARM_T(
        SH_PARM_NMSPC_CD               VARCHAR2(20),
        SH_PARM_DTL_TYP_CD             VARCHAR2(100),
        SH_PARM_NM                     VARCHAR2(100),
        OBJ_ID                         VARCHAR2(36) DEFAULT SYS_GUID() CONSTRAINT SH_PARM_TN1 NOT NULL,
        VER_NBR                        NUMBER(8) DEFAULT 1 CONSTRAINT SH_PARM_TN2 NOT NULL,
        SH_PARM_TYP_CD                 VARCHAR2(5) CONSTRAINT SH_PARM_TN3 NOT NULL,
        SH_PARM_TXT                    VARCHAR2(4000),
        SH_PARM_DESC                   VARCHAR2(4000),
        SH_PARM_CONS_CD                VARCHAR2(1),
        WRKGRP_NM                      VARCHAR2(70) DEFAULT 'WorkflowAdmin' CONSTRAINT SH_PARM_TN4 NOT NULL,
        ACTIVE_IND                     CHAR(1) DEFAULT 'Y' CONSTRAINT SH_PARM_TN5 NOT NULL,
     CONSTRAINT SH_PARM_TP1 PRIMARY KEY (SH_PARM_NMSPC_CD,SH_PARM_NM),
     CONSTRAINT SH_PARM_TC0 UNIQUE (OBJ_ID)
)
;
CREATE TABLE SH_PARM_TYP_T(
        SH_PARM_TYP_CD                 VARCHAR2(5),
        OBJ_ID                         VARCHAR2(36) DEFAULT SYS_GUID() CONSTRAINT SH_PARM_TYP_TN1 NOT NULL,
        VER_NBR                        NUMBER(8) DEFAULT 1 CONSTRAINT SH_PARM_TYP_TN2 NOT NULL,
        SH_PARM_TYP_NM                 VARCHAR2(40),
        ACTIVE_IND                     CHAR(1) DEFAULT 'Y' CONSTRAINT SH_PARM_TYP_TN3 NOT NULL,
     CONSTRAINT SH_PARM_TYP_TP1 PRIMARY KEY (SH_PARM_TYP_CD),
     CONSTRAINT SH_PARM_TYP_TC0 UNIQUE (OBJ_ID)
)
;
CREATE TABLE SH_USR_PROP_T (
        PERSON_UNVL_ID                 VARCHAR2(10) CONSTRAINT SH_USR_PROP_TN1 NOT NULL,
        APPL_MOD_ID                    VARCHAR2(20) CONSTRAINT SH_USR_PROP_TN2 NOT NULL,
        USR_PROP_NM                    VARCHAR2(40) CONSTRAINT SH_USR_PROP_TN3 NOT NULL,
        OBJ_ID                         VARCHAR2(36) DEFAULT SYS_GUID() CONSTRAINT SH_USR_PROP_TN4 NOT NULL,
        VER_NBR                        NUMBER(8) DEFAULT 1 CONSTRAINT SH_USR_PROP_TN5 NOT NULL,
        USR_PROP_VAL                   VARCHAR2(4000),
     CONSTRAINT SH_USR_PROP_TP1 PRIMARY KEY (
        PERSON_UNVL_ID,
        APPL_MOD_ID,
        USR_PROP_NM),
     CONSTRAINT SH_USR_PROP_TC0 UNIQUE (OBJ_ID)
)
;
CREATE INDEX FP_DOC_HEADER_TI3 ON FP_DOC_HEADER_T(
        ORG_DOC_NBR )
;
CREATE INDEX FP_DOC_HEADER_TI4 ON FP_DOC_HEADER_T(
        FDOC_STATUS_CD )
;
CREATE INDEX FP_DOC_TYPE_TI2 ON FP_DOC_TYPE_T(
        FDOC_GRP_CD )
;
CREATE INDEX FP_MAINT_LOCK_TI2 ON FP_MAINT_LOCK_T(FDOC_NBR)
;
CREATE INDEX FS_ADHOC_RTE_ACTN_RECP_TI2 ON FS_ADHOC_RTE_ACTN_RECP_T(FDOC_NBR)
;
ALTER TABLE FP_DOC_TYPE_T
  ADD ( CONSTRAINT FP_DOC_TYPE_TR1 FOREIGN KEY (
        FDOC_GRP_CD )
  REFERENCES FP_DOC_GROUP_T ( 
        FDOC_GRP_CD ))
;
ALTER TABLE FP_MAINTENANCE_DOCUMENT_T
ADD (CONSTRAINT FP_MAINTENANCE_DOCUMENT_TR1 FOREIGN KEY (
      FDOC_NBR )
REFERENCES FP_DOC_HEADER_T (
      FDOC_NBR ))
;
ALTER TABLE SH_ATT_T
  ADD (CONSTRAINT SH_ATT_TR1 FOREIGN KEY (
        NTE_ID )
  REFERENCES SH_NTE_T (
        NTE_ID ))
;
ALTER TABLE SH_LOCK_T
  ADD ( CONSTRAINT SH_LOCK_TR1 FOREIGN KEY (
        TRN_SMPHR_TYP_CD )
  REFERENCES SH_LOCK_TYP_DESC_T ( 
        TRN_SMPHR_TYP_CD ))
;
ALTER TABLE SH_NTE_T
  ADD (CONSTRAINT SH_NTE_TR1 FOREIGN KEY (
        NTE_TYP_CD )
  REFERENCES SH_NTE_TYP_T (
        NTE_TYP_CD ))
;
ALTER TABLE SH_PARM_DTL_TYP_T ADD CONSTRAINT SH_PARM_DTL_TYP_TR1
      FOREIGN KEY ( SH_PARM_NMSPC_CD )
      REFERENCES SH_PARM_NMSPC_T ( SH_PARM_NMSPC_CD )
;

ALTER TABLE SH_PARM_T ADD CONSTRAINT SH_PARM_TR1
      FOREIGN KEY ( SH_PARM_NMSPC_CD )
      REFERENCES SH_PARM_NMSPC_T ( SH_PARM_NMSPC_CD )
;

ALTER TABLE SH_PARM_T ADD CONSTRAINT SH_PARM_TR2
      FOREIGN KEY ( SH_PARM_TYP_CD )
      REFERENCES SH_PARM_TYP_T ( SH_PARM_TYP_CD )
;

CREATE SEQUENCE BAM_PARAM_SEQ INCREMENT BY 1 START WITH 2000
;
CREATE SEQUENCE BAM_SEQ INCREMENT BY 1 START WITH 2000
;
CREATE SEQUENCE DIRTY_CACHE_SEQ INCREMENT BY 1 START WITH 2000
;
CREATE SEQUENCE EN_SERVICE_DEF_INTERFACE_SEQ INCREMENT BY 1 START WITH 2000
;
CREATE SEQUENCE SEQ_ACTION_LIST_OPTN INCREMENT BY 1 START WITH 1000 MINVALUE 1000 MAXVALUE 2000 CYCLE
;
CREATE SEQUENCE SEQ_ACTION_REQUEST INCREMENT BY 1 START WITH 2000
;
CREATE SEQUENCE SEQ_ACTION_TAKEN INCREMENT BY 1 START WITH 2000
;
CREATE SEQUENCE SEQ_ACTN_ITM INCREMENT BY 1 START WITH 10000
;
CREATE SEQUENCE SEQ_DOC_NTE INCREMENT BY 1 START WITH 2000
;
CREATE SEQUENCE SEQ_DOCUMENT_ROUTE_HEADER INCREMENT BY 1 START WITH 2000
;
CREATE SEQUENCE SEQ_DOCUMENT_TYPE_ATTRIBUTE INCREMENT BY 1 START WITH 2000
;
CREATE SEQUENCE SEQ_EDL_FIELD_DMP INCREMENT BY 1 START WITH 5000
;
CREATE SEQUENCE seq_en_edoclt INCREMENT BY 1 START WITH 2000
;
CREATE SEQUENCE SEQ_HELP_ENTRY INCREMENT BY 1 START WITH 100
;
CREATE SEQUENCE SEQ_RESPONSIBILITY_ID INCREMENT BY 1 START WITH 2000
;
CREATE SEQUENCE SEQ_ROUTE_QUEUE INCREMENT BY 1 START WITH 2000
;
CREATE SEQUENCE SEQ_ROUTE_TEMPLATE INCREMENT BY 1 START WITH 1000
;
CREATE SEQUENCE SEQ_RTE_NODE INCREMENT BY 1 START WITH 2000
;
CREATE SEQUENCE SEQ_RULE_TMPL_OPTN INCREMENT BY 1 START WITH 2000
;
CREATE SEQUENCE SEQ_SEARCHABLE_ATTRIBUTE_VALUE INCREMENT BY 1 START WITH 2000
;
CREATE SEQUENCE SEQ_TRANSACTION_TST INCREMENT BY 1 START WITH 100
;
CREATE SEQUENCE SEQUENCE_EN_USR INCREMENT BY 1 START WITH 100000000000
;
CREATE SEQUENCE SERVICE_DEF_SEQ INCREMENT BY 1 START WITH 2000
;
CREATE TABLE EN_BAM_PARAM_T (
	BAM_PARAM_ID		NUMBER(14) NOT NULL,
	BAM_ID 				NUMBER(14) NOT NULL,
	PARAM				CLOB NOT NULL,
	CONSTRAINT EN_BAM_PARAM_T_PK PRIMARY KEY (BAM_PARAM_ID)
)
;
CREATE TABLE EN_BAM_T (
	BAM_ID 				NUMBER(14) NOT NULL,
	SERVICE_NM			VARCHAR2(255) NOT NULL,
	SERVICE_URL			VARCHAR2(500) NOT NULL,
	METHOD_NM			VARCHAR(2000) NOT NULL,
	THREAD_NM			VARCHAR(500) NOT NULL,
	CALL_DT				DATE NOT NULL,
	TARGET_TO_STRING	VARCHAR2(2000) NOT NULL,
	SRVR_IND_IND		NUMBER(1) NOT NULL,
	EXCEPTION_TO_STRING	VARCHAR2(2000),
	EXCEPTION_MSG		CLOB,
	CONSTRAINT EN_BAM_T_PK PRIMARY KEY (BAM_ID)
)
;
CREATE TABLE EN_MESSAGE_QUE_T (
   MESSAGE_QUE_ID			  NUMBER(14) NOT NULL,
   MESSAGE_QUE_DT             DATE NOT NULL,
   MESSAGE_EXP_DT			  DATE NULL,
   MESSAGE_QUE_PRIO_NBR       NUMBER(8) NOT NULL,
   MESSAGE_QUE_STAT_CD        CHAR(1) NOT NULL,
   MESSAGE_QUE_RTRY_CNT       NUMBER(8) NOT NULL,
   MESSAGE_QUE_IP_NBR         VARCHAR2(2000) NOT NULL,
   MESSAGE_PAYLOAD 		      CLOB NOT NULL,
   MESSAGE_SERVICE_NM		  VARCHAR2(255),
   MESSAGE_ENTITY_NM 		  VARCHAR2(10) NOT NULL,
   SERVICE_METHOD_NM		  VARCHAR2(2000) NULL,
   DB_LOCK_VER_NBR	          NUMBER(8) DEFAULT 0,
   CONSTRAINT EN_MESSAGE_QUE_T_PK PRIMARY KEY (MESSAGE_QUE_ID) 
)
;
CREATE TABLE EN_MSG_PAYLOAD_T (
	   MESSAGE_QUE_ID			  NUMBER(14) NOT NULL,
	   MESSAGE_PAYLOAD 		      CLOB NOT NULL,
	   CONSTRAINT EN_MSG_PAYLOAD_T PRIMARY KEY (MESSAGE_QUE_ID)
)
;
CREATE TABLE EN_MSG_QUE_T (
   MESSAGE_QUE_ID			  NUMBER(14) NOT NULL,
   MESSAGE_QUE_DT             DATE NOT NULL,
   MESSAGE_EXP_DT			  DATE NULL,
   MESSAGE_QUE_PRIO_NBR       NUMBER(8) NOT NULL,
   MESSAGE_QUE_STAT_CD        CHAR(1) NOT NULL,
   MESSAGE_QUE_RTRY_CNT       NUMBER(8) NOT NULL,
   MESSAGE_QUE_IP_NBR         VARCHAR2(2000) NOT NULL,
   MESSAGE_SERVICE_NM		  VARCHAR2(255),
   MESSAGE_ENTITY_NM 		  VARCHAR2(10) NOT NULL,
   SERVICE_METHOD_NM		  VARCHAR2(2000) NULL,
   VAL_ONE					  VARCHAR2(2000) NULL,
   VAL_TWO					  VARCHAR2(2000) NULL,
   DB_LOCK_VER_NBR	          NUMBER(8) DEFAULT 0,
   CONSTRAINT EN_MSG_QUE_T_PK PRIMARY KEY (MESSAGE_QUE_ID) 
)
;
CREATE TABLE EN_SERVICE_DEF_DUEX_T (
	SERVICE_DEF_ID			   	   NUMBER(14) NOT NULL,
	SERVICE_NM				   	   VARCHAR2(255) NOT NULL,
    SERVICE_URL	            	   VARCHAR2(500) NOT NULL,
	SERVER_IP					   VARCHAR2(40) NOT NULL,
	MESSAGE_ENTITY_NM 		  	   VARCHAR2(10) NOT NULL,
	SERVICE_ALIVE				   NUMBER(1) NOT NULL,
	SERVICE_DEFINITION 		       CLOB NOT NULL,
	DB_LOCK_VER_NBR	               NUMBER(8) DEFAULT 0,
	CONSTRAINT EN_SERVICE_DEF_DUEX_T_PK PRIMARY KEY (SERVICE_DEF_ID)
)
;
CREATE TABLE EN_SERVICE_DEF_INTER_T (
	SERVICE_DEF_INTER_ID		NUMBER(14) NOT NULL,
	SERVICE_DEF_ID			   	   NUMBER(14) NOT NULL,
	SERVICE_INTERFACE 			VARCHAR2(500) NOT NULL,
	DB_LOC_VER_NBR			    NUMBER(8) DEFAULT 0,
	CONSTRAINT EN_SERVICE_DEF_INTER_T_PK PRIMARY KEY (SERVICE_DEF_INTER_ID)
)
;
CREATE TABLE EN_SERVICE_DEF_T (
	SERVICE_DEF_ID			   	   NUMBER(14) NOT NULL,
	SERVICE_NM				   	   VARCHAR2(255) NOT NULL,
    SERVICE_URL	            	   VARCHAR2(500) NOT NULL,
    EXCEPTION_HANDLER			   VARCHAR2(500) NULL,
	ASYNC_QUEUE_IND				   NUMBER(1) NULL,
	PRIORITY					   NUMBER(8) NULL,
	RTRY_CNT					   NUMBER(8) NULL,
	MILLIS_TO_LIVE				   NUMBER(14) NULL,
	MESSAGE_ENTITY_NM 		  	   VARCHAR2(10) NOT NULL,
	SERVER_IP					   VARCHAR2(40) NOT NULL,
	SERVICE_ALIVE				   NUMBER(1) NOT NULL,
	DB_LOCK_VER_NBR	               NUMBER(8) DEFAULT 0,
	CONSTRAINT EN_SERVICE_DEF_T_PK PRIMARY KEY (SERVICE_DEF_ID)
)
;
CREATE INDEX EN_BAM_PARAM_TI1 ON EN_BAM_PARAM_T (BAM_ID)
;
CREATE INDEX EN_BAM_TI1 ON EN_BAM_T (SERVICE_NM, METHOD_NM)
;
CREATE INDEX EN_BAM_TI2 ON EN_BAM_T (SERVICE_NM)
;

insert into SH_PARM_TYP_T values ('CONFG', 3, 0,'Config', 'Y')
;
insert into SH_PARM_NMSPC_T values ('KR-NS', 3, 0, 'Kuali Rice', 'Y')
;
INSERT INTO sh_parm_t ("SH_PARM_NMSPC_CD","SH_PARM_DTL_TYP_CD","SH_PARM_NM","SH_PARM_TYP_CD","SH_PARM_TXT","SH_PARM_DESC","SH_PARM_CONS_CD","WRKGRP_NM") VALUES ('KR-NS','Lookup','RESULTS_DEFAULT_MAX_COLUMN_LENGTH','CONFG','70','If a maxLength attribute has not been set on a lookup result field in the data dictionary, then the result column''s max length will be the value of this parameter. Set this parameter to 0 for an unlimited default length or a positive value (i.e. greater than 0) for a finite max length.','A','KUALI_FMSOPS')
;
INSERT INTO sh_parm_t ("SH_PARM_NMSPC_CD","SH_PARM_DTL_TYP_CD","SH_PARM_NM","SH_PARM_TYP_CD","SH_PARM_TXT","SH_PARM_DESC","SH_PARM_CONS_CD","WRKGRP_NM") VALUES ('KR-NS','Lookup','RESULTS_LIMIT','CONFG','70','If a maxLength attribute has not been set on a lookup result field in the data dictionary, then the result column''s max length will be the value of this parameter. Set this parameter to 0 for an unlimited default length or a positive value (i.e. greater than 0) for a finite max length.','A','KUALI_FMSOPS')
;

insert into FP_DOC_STATUS_T values ('A',	'2E0671732A684002E043814FD8814002',	1,	'Approved')
;
insert into FP_DOC_STATUS_T values ('C',	'2E0671732A694002E043814FD8814002',	1,	'Cancelled')
;
insert into FP_DOC_STATUS_T values ('E',	'2E0671732A6A4002E043814FD8814002',	1,	'Extracted')
;
insert into FP_DOC_STATUS_T values ('I',	'2E0671732A6B4002E043814FD8814002',	1,	'In Process')
;
insert into FP_DOC_STATUS_T values ('II',	'2E0671732A6C4002E043814FD8814002',	1,	'In Process')
;
insert into FP_DOC_STATUS_T values ('O',	'2E0671732A6D4002E043814FD8814002',	1,	'Pend Org')
;
insert into FP_DOC_STATUS_T values ('OO',	'2E0671732A6E4002E043814FD8814002',	1,	'Pend Org')
;
insert into FP_DOC_STATUS_T values ('P',	'2E0671732A6F4002E043814FD8814002',	1,	'Pend Acct')
;
insert into FP_DOC_STATUS_T values ('PP',	'2E0671732A704002E043814FD8814002',	1,	'Pend Acct')
;
insert into FP_DOC_STATUS_T values ('R',	'2E0671732A714002E043814FD8814002',	1,	'Pend Specl')
;
insert into FP_DOC_STATUS_T values ('RR',	'2E0671732A724002E043814FD8814002',	1,	'Pend Specl')
;
insert into FP_DOC_STATUS_T values ('S',	'2E0671732A734002E043814FD8814002',	1,	'Pend CG')
;
insert into FP_DOC_STATUS_T values ('V',	'2E0671732A744002E043814FD8814002',	1,	'Validation')
;
insert into FP_DOC_STATUS_T values ('Q',	'2E0671732A754002E043814FD8814002',	1,	'Doc Specif')
;

INSERT INTO sh_parm_typ_t
("SH_PARM_TYP_CD","OBJ_ID","VER_NBR","SH_PARM_TYP_NM","ACTIVE_IND")
VALUES
('VALID','3A6A61E1427C414AE043814FD881414A',1,'Document Validation','Y')
;
INSERT INTO sh_parm_typ_t
("SH_PARM_TYP_CD","OBJ_ID","VER_NBR","SH_PARM_TYP_NM","ACTIVE_IND")
VALUES
('AUTH','3A6A61E1427D414AE043814FD881414A',1,'Authorization','Y')
;
INSERT INTO sh_parm_typ_t
("SH_PARM_TYP_CD","OBJ_ID","VER_NBR","SH_PARM_TYP_NM","ACTIVE_IND")
VALUES
('HELP','3A6A61E1427E414AE043814FD881414A',1,'Help','Y')
;

INSERT INTO sh_parm_dtl_typ_t
("SH_PARM_NMSPC_CD","SH_PARM_DTL_TYP_CD","OBJ_ID","VER_NBR","SH_PARM_DTL_TYP_NM","ACTIVE_IND")
VALUES
('KR-NS','All','5DA619601EC14DC8B5533631F153915C',1,'All','Y')
;
INSERT INTO sh_parm_dtl_typ_t
("SH_PARM_NMSPC_CD","SH_PARM_DTL_TYP_CD","OBJ_ID","VER_NBR","SH_PARM_DTL_TYP_NM","ACTIVE_IND")
VALUES
('KR-NS','Document','76F469D2EBE347F8AFA946F8D98ABB12',1,'Document','Y')
;
INSERT INTO sh_parm_dtl_typ_t
("SH_PARM_NMSPC_CD","SH_PARM_DTL_TYP_CD","OBJ_ID","VER_NBR","SH_PARM_DTL_TYP_NM","ACTIVE_IND")
VALUES
('KR-NS','Lookup','BE854CD08B004FF499E441778A55DEA2',1,'Lookup','Y')
;
INSERT INTO sh_parm_dtl_typ_t
("SH_PARM_NMSPC_CD","SH_PARM_DTL_TYP_CD","OBJ_ID","VER_NBR","SH_PARM_DTL_TYP_NM","ACTIVE_IND")
VALUES
('KR-NS','N/A','4C4AE503F3644C97B6C90540B10751CA',1,'Not Applicable','Y')
;




INSERT INTO sh_parm_t
("SH_PARM_NMSPC_CD","SH_PARM_DTL_TYP_CD","SH_PARM_NM","OBJ_ID","VER_NBR","SH_PARM_TYP_CD","SH_PARM_TXT","SH_PARM_DESC","SH_PARM_CONS_CD","WRKGRP_NM")
VALUES
('KR-NS','All','CHECK_ENCRYPTION_SERVICE_OVERRIDE_IND','C6D1ECCA75C6426CBBE7BD84556D7528',1,'CONFG','Y','Flag for enabling/disabling the demonstration encryption check.','A','WorkflowAdmin')
;
INSERT INTO sh_parm_t
("SH_PARM_NMSPC_CD","SH_PARM_DTL_TYP_CD","SH_PARM_NM","OBJ_ID","VER_NBR","SH_PARM_TYP_CD","SH_PARM_TXT","SH_PARM_DESC","SH_PARM_CONS_CD","WRKGRP_NM")
VALUES
('KR-NS','Document','DEFAULT_CAN_PERFORM_ROUTE_REPORT','8DE1B1CC0D2D413DAD28C845940F0119',1,'CONFG','N','If Y, the "route report" button will be displayed on the document actions bar if the document is using the default DocumentAuthorizerBase.getDocumentActionFlags to set the canPerformRouteReport property of the returned DocumentActionFlags instance.','A','WorkflowAdmin')
;
INSERT INTO sh_parm_t
("SH_PARM_NMSPC_CD","SH_PARM_DTL_TYP_CD","SH_PARM_NM","OBJ_ID","VER_NBR","SH_PARM_TYP_CD","SH_PARM_TXT","SH_PARM_DESC","SH_PARM_CONS_CD","WRKGRP_NM")
VALUES
('KR-NS','Document','EXCEPTION_GROUP','604D7BC43D914B68A490C9443B7D4299',1,'CONFG','KUALI_ROLE_EXCEPTION','Workgroup which can perform functions on documents in exception routing status.','A','WorkflowAdmin')
;
INSERT INTO sh_parm_t
("SH_PARM_NMSPC_CD","SH_PARM_DTL_TYP_CD","SH_PARM_NM","OBJ_ID","VER_NBR","SH_PARM_TYP_CD","SH_PARM_TXT","SH_PARM_DESC","SH_PARM_CONS_CD","WRKGRP_NM")
VALUES
('KR-NS','Document','SUPERVISOR_GROUP','21273383BDF544C192978FE1A4EDDE6F',1,'AUTH','KUALI_ROLE_SUPERVISOR','Workgroup which can perform almost any function within Kuali.','A','WorkflowAdmin')
;
INSERT INTO sh_parm_t
("SH_PARM_NMSPC_CD","SH_PARM_DTL_TYP_CD","SH_PARM_NM","OBJ_ID","VER_NBR","SH_PARM_TYP_CD","SH_PARM_TXT","SH_PARM_DESC","SH_PARM_CONS_CD","WRKGRP_NM")
VALUES
('KR-NS','Lookup','MULTIPLE_VALUE_RESULTS_EXPIRATION_SECONDS','5B413AA4AD7F40C7BBC4C75CE99E743A',1,'CONFG','86400','Lookup results may continue to be persisted in the DB long after they are needed. This parameter represents the minimum amount of time, in seconds, that the results will be allowed to persist in the DB before they are deleted from the DB.','A','WorkflowAdmin')
;
INSERT INTO sh_parm_t
("SH_PARM_NMSPC_CD","SH_PARM_DTL_TYP_CD","SH_PARM_NM","OBJ_ID","VER_NBR","SH_PARM_TYP_CD","SH_PARM_TXT","SH_PARM_DESC","SH_PARM_CONS_CD","WRKGRP_NM")
VALUES
('KR-NS','Lookup','MULTIPLE_VALUE_RESULTS_PER_PAGE','90D766F2396C4C9DAE37FDECA0682233',1,'CONFG','100','The max number of rows that will be displayed on a lookup results screen','A','WorkflowAdmin')
;


INSERT INTO sh_parm_t
("SH_PARM_NMSPC_CD","SH_PARM_DTL_TYP_CD","SH_PARM_NM","OBJ_ID","VER_NBR","SH_PARM_TYP_CD","SH_PARM_TXT","SH_PARM_DESC","SH_PARM_CONS_CD","WRKGRP_NM")
VALUES
('KR-NS','UniversalUser','UNIVERSAL_USER_EDIT_GROUP','F8ED3336B99546878BE7B41311E4F63E',1,'AUTH','UNIVERSAL_USER_MAINTAINERS','Workgroup which can edit the universal user table.','A','WorkflowAdmin')
;
INSERT INTO sh_parm_t
("SH_PARM_NMSPC_CD","SH_PARM_DTL_TYP_CD","SH_PARM_NM","SH_PARM_TYP_CD","SH_PARM_TXT","SH_PARM_DESC","SH_PARM_CONS_CD","WRKGRP_NM")
VALUES
('KR-NS','All','DEFAULT_MAX_UPLOAD_FILE_SIZE','CONFG','5M','Maximum file upload size for the application. Used by PojoFormBase. Must be an integer, optionally followed by "K", "M", or "G". Only used if no other upload limits are in effect.','A','KUALI_FMSOPS')
;
INSERT INTO sh_parm_t
("SH_PARM_NMSPC_CD","SH_PARM_DTL_TYP_CD","SH_PARM_NM","SH_PARM_TYP_CD","SH_PARM_TXT","SH_PARM_DESC","SH_PARM_CONS_CD","WRKGRP_NM")
VALUES
('KR-NS','Document','ATTACHMENT_MAX_FILE_SIZE','CONFG','5M','Maximum attachment upload size for the application. Used by KualiDocumentFormBase. Must be an integer, optionally followed by "K", "M", or "G".','A','KUALI_FMSOPS')
;
INSERT INTO SH_PARM_T
(SH_PARM_NMSPC_CD, SH_PARM_DTL_TYP_CD, SH_PARM_NM, OBJ_ID, VER_NBR, SH_PARM_TYP_CD, SH_PARM_TXT, SH_PARM_DESC, SH_PARM_CONS_CD, WRKGRP_NM) 
VALUES
('KR-NS', 'Document', 'SEND_NOTE_WORKFLOW_NOTIFICATION_ACTIONS', sys_guid(), 0, 'CONFG', 'K', 'Some documents provide the functionality to send notes to another user using a workflow FYI or acknowledge functionality. This parameter specifies the default action that will be used when sending notes. This parameter should be one of the following 2 values: "K" for acknowledge or "F" for fyi. Depending on the notes and workflow service implementation, other values may be possible (see edu.iu.uis.eden.EdenConstants javadocs for details).', 'A', 'KUALI_FMSOPS')
;


INSERT INTO FP_DOC_GROUP_T VALUES ('TR', '054EDFB3B260C8D2E043814FD881C8D2', 1,	'Travel Documents', null)
;
INSERT INTO FP_DOC_GROUP_T VALUES ('KR', '054EDFB3B260C8D2E043816FD881C8D2', 1,	'Kuali Rice', null)
;
INSERT INTO FP_DOC_GROUP_T VALUES ('MO', '054EDFB3B260C8D2E043816FD881C8EE', 1,	'Obsolete Maintenance Table', null)
;
INSERT INTO FP_DOC_GROUP_T VALUES ('MR', '054EDFB3B260C8D2E043816FD881C8EA', 1,	'Reference Table Maintenance', null)
;
insert into FP_DOC_TYPE_T values ('TRAV', '1A6FEB2501C7607EE043814FD881607E', 1, 'TR', 'TRAV ACCNT', 'N', 'Y', 'N', 0, 'N', 'N')
;
insert into FP_DOC_TYPE_T values ('TRFO', '1A6FEB250342607EE043814FD881607E', 1, 'TR', 'TRAV FO', 'N', 'Y', 'N', 0, 'N', 'N')
;
insert into FP_DOC_TYPE_T values ('TRD2', '1A6FEB250342607EE043814FD889607E', 1, 'TR', 'TRAV D2', 'N', 'Y', 'N', 0, 'N', 'N')
;
insert into FP_DOC_TYPE_T values ('RUSR', '1A6FEB253342607EE043814FD889607E', 1, 'TR', 'RICE USR', 'N', 'Y', 'N', 0, 'N', 'N') 
;
insert into FP_DOC_TYPE_T values ('PARM', '1A6FRB253342607EE043814FD889607E', 1, 'TR', 'System Parms', 'N', 'Y', 'N', 0, 'N', 'N') 
;
insert into FP_DOC_TYPE_T values ('BR', '1A6FRB253343337EE043814FD889607E', 1, 'TR', 'Biz Rules', 'N', 'Y', 'N', 0, 'N', 'N') 
;
insert into FP_DOC_TYPE_T values ('TRVA', '1A5FEB250342607EE043814FD889607E', 1, 'TR',  'TRAV MAINT', 'N', 'Y', 'N', 0, 'N', 'N')
;
INSERT INTO FP_DOC_TYPE_T VALUES ('PTYP', '1A6FEB2501C7607EE043814FD111607E', 1, 'MO', 'Parameter Type', 'N', 'Y', 'N', 0, 'N', 'N')
;
INSERT INTO FP_DOC_TYPE_T VALUES ('PDTP', '1A6FEB2501C7607EE043814FD112607E', 1, 'MR', 'Parameter Detailed Type', 'N', 'Y', 'N', 0, 'N', 'N')
;
INSERT INTO FP_DOC_TYPE_T VALUES ('PNMS', '1A6FEB2501C7607EE043814FD113607E', 1, 'MR', 'Parameter Namespace', 'N', 'Y', 'N', 0, 'N', 'N')
;
insert into SH_NTE_TYP_T values ('BO', '2D3C44FE49415102E043814FD8815102',	1,	'DOCUMENT BUSINESS OBJECT', 'Y')
;
insert into SH_NTE_TYP_T values ('DH', '2D3C44FE49425102E043814FD8815102',	1,	'DOCUMENT HEADER', 'Y')
;

